﻿<?xml version="1.0" encoding="UTF-8"?>

<c3p0-config>
	
	<default-config>
		<property name="driverClass">com.mysql.jdbc.Driver</property>
		<property name="jdbcUrl">jdbc:mysql://localhost:3306/shopping?useUnicode=true&amp;characterEncoding=UTF-8</property>
		<property name="user">root</property>
		<property name="password">admin</property>
		
		<property name="acquireIncrement">5</property>
		<property name="initialPoolSize">10</property>
		<property name="minPoolSize">5</property>
		<property name="maxPoolSize">20</property> <!-- intergalactoApp adopts a different approach to configuring statement 
			caching -->
		<property name="maxStatements">0</property>
		<property name="maxStatementsPerConnection">5</property> <!-- he's important, but there's only one of him -->
	</default-config>
	
	<named-config name="mysql">
		<property name="driverClass">com.mysql.jdbc.Driver</property>
		<property name="jdbcUrl">jdbc:mysql://localhost:8888/clothes_order_system?useUnicode=true&amp;characterEncoding=utf8</property>
		<property name="user">root</property>
		<property name="password">123</property>
		
		<property name="acquireIncrement">5</property>
		<property name="initialPoolSize">10</property>
		<property name="minPoolSize">5</property>
		<property name="maxPoolSize">20</property> <!-- intergalactoApp adopts a different approach to configuring statement 
			caching -->
		<property name="maxStatements">0</property>
		<property name="maxStatementsPerConnection">5</property> <!-- he's important, but there's only one of him -->
	</named-config>
</c3p0-config>
